﻿<?xml version="1.0" encoding="utf-8"?>
<!-- https://learn.microsoft.com/en-us/dotnet/fundamentals/package-validation/diagnostic-ids -->
<Suppressions xmlns:xsi="http://www.w3.org/2001/XMLSchema-instance" xmlns:xsd="http://www.w3.org/2001/XMLSchema">
  <Suppression>
    <DiagnosticId>CP0001</DiagnosticId>
    <Target>T:Newtonsoft.Json.Serialization.Action</Target>
    <Left>lib/net20/Newtonsoft.Json.dll</Left>
    <Right>lib/net35/Newtonsoft.Json.dll</Right>
  </Suppression>
  <Suppression>
    <DiagnosticId>CP0001</DiagnosticId>
    <Target>T:Newtonsoft.Json.Serialization.Action`2</Target>
    <Left>lib/net20/Newtonsoft.Json.dll</Left>
    <Right>lib/net35/Newtonsoft.Json.dll</Right>
  </Suppression>
  <Suppression>
    <DiagnosticId>CP0001</DiagnosticId>
    <Target>T:Newtonsoft.Json.Serialization.Action`3</Target>
    <Left>lib/net20/Newtonsoft.Json.dll</Left>
    <Right>lib/net35/Newtonsoft.Json.dll</Right>
  </Suppression>
  <Suppression>
    <DiagnosticId>CP0001</DiagnosticId>
    <Target>T:Newtonsoft.Json.Serialization.Action`4</Target>
    <Left>lib/net20/Newtonsoft.Json.dll</Left>
    <Right>lib/net35/Newtonsoft.Json.dll</Right>
  </Suppression>
  <Suppression>
    <DiagnosticId>CP0001</DiagnosticId>
    <Target>T:Newtonsoft.Json.Serialization.Func`1</Target>
    <Left>lib/net20/Newtonsoft.Json.dll</Left>
    <Right>lib/net35/Newtonsoft.Json.dll</Right>
  </Suppression>
  <Suppression>
    <DiagnosticId>CP0001</DiagnosticId>
    <Target>T:Newtonsoft.Json.Serialization.Func`2</Target>
    <Left>lib/net20/Newtonsoft.Json.dll</Left>
    <Right>lib/net35/Newtonsoft.Json.dll</Right>
  </Suppression>
  <Suppression>
    <DiagnosticId>CP0001</DiagnosticId>
    <Target>T:Newtonsoft.Json.Serialization.Func`3</Target>
    <Left>lib/net20/Newtonsoft.Json.dll</Left>
    <Right>lib/net35/Newtonsoft.Json.dll</Right>
  </Suppression>
  <Suppression>
    <DiagnosticId>CP0001</DiagnosticId>
    <Target>T:Newtonsoft.Json.Serialization.Func`4</Target>
    <Left>lib/net20/Newtonsoft.Json.dll</Left>
    <Right>lib/net35/Newtonsoft.Json.dll</Right>
  </Suppression>
  <Suppression>
    <DiagnosticId>CP0001</DiagnosticId>
    <Target>T:Newtonsoft.Json.Serialization.Func`5</Target>
    <Left>lib/net20/Newtonsoft.Json.dll</Left>
    <Right>lib/net35/Newtonsoft.Json.dll</Right>
  </Suppression>
  <Suppression>
    <DiagnosticId>CP0001</DiagnosticId>
    <Target>T:Newtonsoft.Json.SerializationBinder</Target>
    <Left>lib/netstandard1.3/Newtonsoft.Json.dll</Left>
    <Right>lib/netstandard2.0/Newtonsoft.Json.dll</Right>
  </Suppression>
  <Suppression>
    <DiagnosticId>CP0001</DiagnosticId>
    <Target>T:Newtonsoft.Json.TraceLevel</Target>
    <Left>lib/netstandard1.3/Newtonsoft.Json.dll</Left>
    <Right>lib/netstandard2.0/Newtonsoft.Json.dll</Right>
  </Suppression>
  <Suppression>
    <DiagnosticId>CP0001</DiagnosticId>
    <Target>T:System.Runtime.Serialization.Formatters.FormatterAssemblyStyle</Target>
    <Left>lib/netstandard1.3/Newtonsoft.Json.dll</Left>
    <Right>lib/netstandard2.0/Newtonsoft.Json.dll</Right>
  </Suppression>
  <Suppression>
    <DiagnosticId>CP0002</DiagnosticId>
    <Target>M:Newtonsoft.Json.JsonConvert.get_DefaultSettings</Target>
    <Left>lib/net20/Newtonsoft.Json.dll</Left>
    <Right>lib/net35/Newtonsoft.Json.dll</Right>
  </Suppression>
  <Suppression>
    <DiagnosticId>CP0002</DiagnosticId>
    <Target>M:Newtonsoft.Json.JsonSerializerSettings.get_ReferenceResolverProvider</Target>
    <Left>lib/net20/Newtonsoft.Json.dll</Left>
    <Right>lib/net35/Newtonsoft.Json.dll</Right>
  </Suppression>
  <Suppression>
    <DiagnosticId>CP0002</DiagnosticId>
    <Target>M:Newtonsoft.Json.Serialization.JsonContract.get_DefaultCreator</Target>
    <Left>lib/net20/Newtonsoft.Json.dll</Left>
    <Right>lib/net35/Newtonsoft.Json.dll</Right>
  </Suppression>
  <Suppression>
    <DiagnosticId>CP0002</DiagnosticId>
    <Target>M:Newtonsoft.Json.Serialization.JsonDictionaryContract.get_DictionaryKeyResolver</Target>
    <Left>lib/net20/Newtonsoft.Json.dll</Left>
    <Right>lib/net35/Newtonsoft.Json.dll</Right>
  </Suppression>
  <Suppression>
    <DiagnosticId>CP0002</DiagnosticId>
    <Target>M:Newtonsoft.Json.Serialization.JsonObjectContract.get_ExtensionDataNameResolver</Target>
    <Left>lib/net20/Newtonsoft.Json.dll</Left>
    <Right>lib/net35/Newtonsoft.Json.dll</Right>
  </Suppression>
  <Suppression>
    <DiagnosticId>CP0002</DiagnosticId>
    <Target>M:Newtonsoft.Json.Serialization.JsonProperty.get_SetIsSpecified</Target>
    <Left>lib/net20/Newtonsoft.Json.dll</Left>
    <Right>lib/net35/Newtonsoft.Json.dll</Right>
  </Suppression>
  <Suppression>
    <DiagnosticId>CP0002</DiagnosticId>
    <Target>M:Newtonsoft.Json.JsonSerializer.get_Binder</Target>
    <Left>lib/netstandard1.3/Newtonsoft.Json.dll</Left>
    <Right>lib/netstandard2.0/Newtonsoft.Json.dll</Right>
  </Suppression>
  <Suppression>
    <DiagnosticId>CP0002</DiagnosticId>
    <Target>M:Newtonsoft.Json.JsonSerializerSettings.get_Binder</Target>
    <Left>lib/netstandard1.3/Newtonsoft.Json.dll</Left>
    <Right>lib/netstandard2.0/Newtonsoft.Json.dll</Right>
  </Suppression>
  <Suppression>
    <DiagnosticId>CP0002</DiagnosticId>
    <Target>M:Newtonsoft.Json.Serialization.ITraceWriter.get_LevelFilter</Target>
    <Left>lib/netstandard1.3/Newtonsoft.Json.dll</Left>
    <Right>lib/netstandard2.0/Newtonsoft.Json.dll</Right>
  </Suppression>
  <Suppression>
    <DiagnosticId>CP0002</DiagnosticId>
    <Target>M:Newtonsoft.Json.Serialization.ITraceWriter.Trace(Newtonsoft.Json.TraceLevel,System.String,System.Exception)</Target>
    <Left>lib/netstandard1.3/Newtonsoft.Json.dll</Left>
    <Right>lib/netstandard2.0/Newtonsoft.Json.dll</Right>
  </Suppression>
  <Suppression>
    <DiagnosticId>CP0002</DiagnosticId>
    <Target>M:Newtonsoft.Json.Serialization.MemoryTraceWriter.get_LevelFilter</Target>
    <Left>lib/netstandard1.3/Newtonsoft.Json.dll</Left>
    <Right>lib/netstandard2.0/Newtonsoft.Json.dll</Right>
  </Suppression>
  <Suppression>
    <DiagnosticId>CP0002</DiagnosticId>
    <Target>M:Newtonsoft.Json.Serialization.MemoryTraceWriter.Trace(Newtonsoft.Json.TraceLevel,System.String,System.Exception)</Target>
    <Left>lib/netstandard1.3/Newtonsoft.Json.dll</Left>
    <Right>lib/netstandard2.0/Newtonsoft.Json.dll</Right>
  </Suppression>
  <Suppression>
    <DiagnosticId>CP0006</DiagnosticId>
    <Target>M:Newtonsoft.Json.Serialization.ITraceWriter.Trace(System.Diagnostics.TraceLevel,System.String,System.Exception)</Target>
    <Left>lib/netstandard1.3/Newtonsoft.Json.dll</Left>
    <Right>lib/netstandard2.0/Newtonsoft.Json.dll</Right>
  </Suppression>
  <Suppression>
    <DiagnosticId>CP0006</DiagnosticId>
    <Target>P:Newtonsoft.Json.Serialization.ITraceWriter.LevelFilter</Target>
    <Left>lib/netstandard1.3/Newtonsoft.Json.dll</Left>
    <Right>lib/netstandard2.0/Newtonsoft.Json.dll</Right>
  </Suppression>
  <Suppression>
    <DiagnosticId>CP0007</DiagnosticId>
    <Target>T:Newtonsoft.Json.Serialization.DefaultSerializationBinder</Target>
    <Left>lib/netstandard1.3/Newtonsoft.Json.dll</Left>
    <Right>lib/netstandard2.0/Newtonsoft.Json.dll</Right>
  </Suppression>
</Suppressions>